step_id,process,responsible_function,accountable_function,assigned_person,purpose,inputs,micro_actions,output,gate,exception_path,evidence_status
MD01,Master data,Data steward,Finance controller,Unconfirmed,Establish trusted parties and items,Registration and item specifications,Check duplicates; verify identifiers; define units and taxes,Approved master record,Independent review of critical changes,Missing identity or conflicting units,Proposed not source verified
MD02,Engineering,Manufacturing engineer,Engineering manager,Unconfirmed,Define producible product,BOM and routing specification,Version BOM; validate conversions; set operations and yields,Released BOM and routing,Engineering approval,Obsolete component or invalid yield,Proposed not source verified
S01,Sales,Sales representative,Sales manager,Unconfirmed,Capture customer demand,Enquiry and customer record,Confirm specification; quantity; delivery; price; terms,Quotation,Price and credit policy,Custom specification or discount exception,Proposed not source verified
S02,Sales,Sales coordinator,Sales manager,Unconfirmed,Commit accepted demand,Accepted quotation or customer PO,Confirm address; tax; payment terms; dates; reserve if permitted,Sales order,Commercial approval and credit check,Credit hold or insufficient capacity,Proposed not source verified
M01,Planning,Production planner,Plant manager,Unconfirmed,Plan capacity and material,Demand; stock; BOM; lead times,Net available stock; calculate shortage; check machines and labor,Production plan and requisitions,Released BOM and feasible capacity,Shortage or expedited demand,Proposed not source verified
P01,Procurement,Requester,Department manager,Unconfirmed,Authorize required purchases,Material shortage or service need,Specify quantity; specification; budget; required date,Purchase requisition,Budget and need approval,Rejected or changed requisition,Proposed not source verified
P02,Procurement,Buyer,Purchasing manager,Unconfirmed,Select supply,Approved requisition and quotations,Compare price; lead time; quality; terms; document selection,Supplier selection,Sourcing policy,Single source or unavailable supplier,Proposed not source verified
P03,Procurement,Buyer,Purchasing manager,Unconfirmed,Place controlled commitment,Approved supplier selection,Prepare PO; check taxes and dates; obtain approval; issue,Purchase order,Amount and segregation rules,Rejected approval or amendment,Proposed not source verified
P04,Receiving,Receiving clerk,Warehouse manager,Unconfirmed,Record actual arrival,PO and supplier delivery evidence,Count; identify lots; record damage; match units,Receipt pending quality,Quantity tolerance,Partial excess damaged or wrong item,Proposed not source verified
P05,Quality,Quality inspector,Quality manager,Unconfirmed,Prevent unsuitable stock use,Receipt and inspection standard,Sample; inspect; attach results; accept or quarantine,Quality disposition,Acceptance standard,Return rework or concession,Proposed not source verified
P06,Warehousing,Storekeeper,Warehouse manager,Unconfirmed,Make accepted materials available,Accepted receipt,Assign bin; label; confirm quantity and lot,Available stock,Quality release and location permission,Putaway error or count mismatch,Proposed not source verified
P07,Accounts payable,AP clerk,Finance controller,Unconfirmed,Recognize supplier obligation,PO; receipt; supplier invoice,Match quantity price tax; flag missing documents; record liability,Bill and exception record,Three-way-match thresholds unconfirmed,Price quantity or document discrepancy,Proposed not source verified
P08,Accounts payable,AP reviewer,Finance controller,Unconfirmed,Resolve payment eligibility,Bill and matching evidence,Review exception; obtain support; approve due amount,Approved payable,Separate preparer and approver,Reject or request supplier correction,Proposed not source verified
P09,Treasury,Treasury preparer,Authorized signatory,Unconfirmed,Settle approved liability,Approved payable and verified bank details,Prepare payment; review beneficiary; authorize externally; apply result,Payment application,Signatory and beneficiary controls,Failed duplicate or partial payment,Proposed not source verified
P10,Returns,Receiving clerk,Purchasing manager,Unconfirmed,Return rejected supply,Quality rejection and receipt,Authorize return; dispatch; link supplier credit; reconcile stock,Return and linked credit,Return approval,Credit delayed or quantity disputed,Proposed not source verified
M02,Production,Production planner,Plant manager,Unconfirmed,Release executable production,Approved plan and available material,Select BOM version; schedule operations; assign resources,Work order,Capacity and material release,Reschedule or substitute with approval,Proposed not source verified
M03,Production,Storekeeper,Production supervisor,Unconfirmed,Issue traceable material,Work order and pick list,Pick lots; scan quantities; transfer to WIP; record shortages,Material issue,WIP location and quantity controls,Shortage or unauthorized substitution,Proposed not source verified
M04,Production,Machine operator,Production supervisor,Unconfirmed,Execute manufacturing operations,Job card and issued material,Start; record time; record quantities; note downtime,Operation completion,Preceding operation and training controls,Breakdown delay or failed operation,Proposed not source verified
M05,Quality,Quality inspector,Quality manager,Unconfirmed,Verify output quality,Produced quantity and specifications,Test; record result; release or quarantine,Finished quality disposition,Acceptance criteria,Rework scrap or concession,Proposed not source verified
M06,Production,Production supervisor,Plant manager,Unconfirmed,Account for production losses,Scrap and rework evidence,Classify reason; quantify; authorize; route rework; return unused material,Loss and rework records,Loss tolerance and approval,Unexpected yield or missing material,Proposed not source verified
M07,Warehousing,Storekeeper,Warehouse manager,Unconfirmed,Receive finished goods,Completed work and quality release,Record accepted quantity; lot genealogy; bin; close transfers,Finished goods receipt,Quality release and quantity check,Partial completion or reconciliation gap,Proposed not source verified
M08,Costing,Cost accountant,Finance controller,Unconfirmed,Explain production cost,Material labor overhead and output,Allocate approved costs; reconcile WIP; review variance; close order,Costed work order,Accounting review,Unclosed WIP or abnormal variance,Proposed not source verified
S03,Fulfillment,Warehouse picker,Warehouse manager,Unconfirmed,Prepare customer delivery,Released sales order and stock,Allocate lot; pick; pack; check quantity; create delivery evidence,Delivery,Stock availability and release,Backorder substitution or damaged goods,Proposed not source verified
S04,Fulfillment,Dispatch coordinator,Logistics manager,Unconfirmed,Confirm shipment and delivery,Packed order and transport details,Dispatch; record tracking; obtain proof of delivery,Shipment and delivery confirmation,Shipping authorization,Failed delivery or customer rejection,Proposed not source verified
S05,Billing,Billing clerk,Finance controller,Unconfirmed,Issue required customer invoice,Sale and billing evidence,Validate taxpayer details; taxes; series; issue; deliver document,Issued invoice,Applicable invoicing rules,Invalid details or issuance failure,Proposed not source verified
S06,Collections,AR clerk,Finance controller,Unconfirmed,Apply customer settlements,Invoice and bank/collection evidence,Identify payer; allocate payment; record withholding evidence; resolve difference,Payment and remaining balance,Verified receipt and application,Short overpayment or unidentified receipt,Proposed not source verified
S07,Returns,Customer service,Sales manager,Unconfirmed,Resolve returned goods,Return request and original sale,Authorize; receive; inspect; restock or scrap; link credit,Return and credit,Return and credit approval,Disputed condition or refund request,Proposed not source verified
F01,Document exceptions,Document coordinator,Finance controller,Unconfirmed,Resolve missing supporting evidence,Recorded transaction with missing document,Record reason; assign collector; obtain evidence; review tax treatment,Documented resolution,Accountant review without hiding transaction,Unobtainable invoice or invalid support,Proposed not source verified
F02,Reconciliation,Accountant,Finance controller,Unconfirmed,Prove ledger accuracy,Bank; subledgers; inventory; WIP; GL,Match balances; investigate variances; post approved adjustments,Reconciled period,Independent review,Unexplained difference,Proposed not source verified
F03,Close and reporting,Accountant,Finance controller,Unconfirmed,Produce accurate management and statutory outputs,Reconciled books and tax evidence,Review cutoffs; lock period; generate reports; reconcile statutory adjustments,Reviewed reporting package,Applicable filing and approval requirements,Late adjustment or rejected submission,Proposed not source verified
