"source_role_id","role_name","role_type","center_type","catalog_status","role_detail_status","transaction_permissions_status","report_permissions_status","list_permissions_status","setup_permissions_status","custom_record_permissions_status","permission_levels_status","record_restrictions_status","subsidiaries_status","forms_status","users_and_assignments_status","preferences_status","centers_dashboards_search_audiences_status","integration_oauth_mcp_status","authentication_and_2fa_status","global_permission_overrides_status","workflow_and_script_access_status","allowed_and_denied_operation_tests_status","observed_read_only_source_url","evidence_file","evidence_line","implementation_status"
"1023","MFG EM - Sales.","Custom","Sales Center","observed","pending","pending","pending","pending","pending","pending","pending","pending","pending","pending","pending","pending","pending","pending","pending","pending","pending","pending","https://td3118036.app.netsuite.com/app/setup/role.nl?id=1023&ifrmcntnr=T","docs/references/netsuite/roles-list.md","159","not started"
"4","A/P Clerk","Standard","Accounting Center","observed","pending","pending","pending","pending","pending","pending","pending","pending","pending","pending","pending","pending","pending","pending","pending","pending","pending","pending","https://td3118036.app.netsuite.com/app/setup/role.nl?id=4&ifrmcntnr=T","docs/references/netsuite/roles-list.md","170","not started"
"5","A/R Clerk","Standard","Accounting Center","observed","pending","pending","pending","pending","pending","pending","pending","pending","pending","pending","pending","pending","pending","pending","pending","pending","pending","pending","https://td3118036.app.netsuite.com/app/setup/role.nl?id=5&ifrmcntnr=T","docs/references/netsuite/roles-list.md","181","not started"
"1","Accountant","Standard","Accounting Center","observed","pending","pending","pending","pending","pending","pending","pending","pending","pending","pending","pending","pending","pending","pending","pending","pending","pending","pending","https://td3118036.app.netsuite.com/app/setup/role.nl?id=1&ifrmcntnr=T","docs/references/netsuite/roles-list.md","192","not started"
"2","Accountant (Reviewer)","Standard","Accounting Center","observed","pending","pending","pending","pending","pending","pending","pending","pending","pending","pending","pending","pending","pending","pending","pending","pending","pending","pending","https://td3118036.app.netsuite.com/app/setup/role.nl?id=2&ifrmcntnr=T","docs/references/netsuite/roles-list.md","203","not started"
"3","Administrator","Standard","Classic Center","observed","pending","pending","pending","pending","pending","pending","pending","pending","pending","pending","pending","pending","pending","pending","pending","pending","pending","pending","https://td3118036.app.netsuite.com/app/setup/role.nl?id=3&ifrmcntnr=T","docs/references/netsuite/roles-list.md","214","not started"
"2211","AI Companion Controller","Custom","Accounting Center","observed","pending","pending","pending","pending","pending","pending","pending","pending","pending","pending","pending","pending","pending","pending","pending","pending","pending","pending","https://td3118036.app.netsuite.com/app/setup/role.nl?id=2211&ifrmcntnr=T","docs/references/netsuite/roles-list.md","223","not started"
"2212","AI Companion View Only","Custom","Accounting Center","observed","pending","pending","pending","pending","pending","pending","pending","pending","pending","pending","pending","pending","pending","pending","pending","pending","pending","pending","https://td3118036.app.netsuite.com/app/setup/role.nl?id=2212&ifrmcntnr=T","docs/references/netsuite/roles-list.md","234","not started"
"2110","AutoLot_Custom_Role","Custom","Classic Center","observed","pending","pending","pending","pending","pending","pending","pending","pending","pending","pending","pending","pending","pending","pending","pending","pending","pending","pending","https://td3118036.app.netsuite.com/app/setup/role.nl?id=2110&ifrmcntnr=T","docs/references/netsuite/roles-list.md","245","not started"
"1690","Benchmark 360 - Service Role","Custom","Classic Center","observed","pending","pending","pending","pending","pending","pending","pending","pending","pending","pending","pending","pending","pending","pending","pending","pending","pending","pending","https://td3118036.app.netsuite.com/app/setup/role.nl?id=1690&ifrmcntnr=T","docs/references/netsuite/roles-list.md","256","not started"
"6","Bookkeeper","Standard","Accounting Center","observed","pending","pending","pending","pending","pending","pending","pending","pending","pending","pending","pending","pending","pending","pending","pending","pending","pending","pending","https://td3118036.app.netsuite.com/app/setup/role.nl?id=6&ifrmcntnr=T","docs/references/netsuite/roles-list.md","267","not started"
"50","Buyer","Standard","Accounting Center","observed","pending","pending","pending","pending","pending","pending","pending","pending","pending","pending","pending","pending","pending","pending","pending","pending","pending","pending","https://td3118036.app.netsuite.com/app/setup/role.nl?id=50&ifrmcntnr=T","docs/references/netsuite/roles-list.md","278","not started"
"1469","Cash 360 - Service Role","Custom","Classic Center","observed","pending","pending","pending","pending","pending","pending","pending","pending","pending","pending","pending","pending","pending","pending","pending","pending","pending","pending","https://td3118036.app.netsuite.com/app/setup/role.nl?id=1469&ifrmcntnr=T","docs/references/netsuite/roles-list.md","289","not started"
"8","CEO","Standard","Executive Center","observed","pending","pending","pending","pending","pending","pending","pending","pending","pending","pending","pending","pending","pending","pending","pending","pending","pending","pending","https://td3118036.app.netsuite.com/app/setup/role.nl?id=8&ifrmcntnr=T","docs/references/netsuite/roles-list.md","300","not started"
"7","CEO(Hands Off)","Standard","Executive Center","observed","pending","pending","pending","pending","pending","pending","pending","pending","pending","pending","pending","pending","pending","pending","pending","pending","pending","pending","https://td3118036.app.netsuite.com/app/setup/role.nl?id=7&ifrmcntnr=T","docs/references/netsuite/roles-list.md","311","not started"
"41","CFO","Standard","Accounting Center","observed","pending","pending","pending","pending","pending","pending","pending","pending","pending","pending","pending","pending","pending","pending","pending","pending","pending","pending","https://td3118036.app.netsuite.com/app/setup/role.nl?id=41&ifrmcntnr=T","docs/references/netsuite/roles-list.md","322","not started"
"49","Chief People Officer (CPO)","Standard","Accounting Center","observed","pending","pending","pending","pending","pending","pending","pending","pending","pending","pending","pending","pending","pending","pending","pending","pending","pending","pending","https://td3118036.app.netsuite.com/app/setup/role.nl?id=49&ifrmcntnr=T","docs/references/netsuite/roles-list.md","333","not started"
"1014","Controller","Custom","Accounting Center","observed","pending","pending","pending","pending","pending","pending","pending","pending","pending","pending","pending","pending","pending","pending","pending","pending","pending","pending","https://td3118036.app.netsuite.com/app/setup/role.nl?id=1014&ifrmcntnr=T","docs/references/netsuite/roles-list.md","344","not started"
"1892","Costed_BOM_Role","Custom","Classic Center","observed","pending","pending","pending","pending","pending","pending","pending","pending","pending","pending","pending","pending","pending","pending","pending","pending","pending","pending","https://td3118036.app.netsuite.com/app/setup/role.nl?id=1892&ifrmcntnr=T","docs/references/netsuite/roles-list.md","355","not started"
"1893","Cost_Variance_Custom_Role","Custom","Accounting Center","observed","pending","pending","pending","pending","pending","pending","pending","pending","pending","pending","pending","pending","pending","pending","pending","pending","pending","pending","https://td3118036.app.netsuite.com/app/setup/role.nl?id=1893&ifrmcntnr=T","docs/references/netsuite/roles-list.md","366","not started"
"14","Customer Center","Standard","Customer Center","observed","pending","pending","pending","pending","pending","pending","pending","pending","pending","pending","pending","pending","pending","pending","pending","pending","pending","pending","https://td3118036.app.netsuite.com/app/setup/role.nl?id=14&ifrmcntnr=T","docs/references/netsuite/roles-list.md","377","not started"
"1012","Customer Service","Custom","Support Center","observed","pending","pending","pending","pending","pending","pending","pending","pending","pending","pending","pending","pending","pending","pending","pending","pending","pending","pending","https://td3118036.app.netsuite.com/app/setup/role.nl?id=1012&ifrmcntnr=T","docs/references/netsuite/roles-list.md","388","not started"
"55","Developer","Standard","Classic Center","observed","pending","pending","pending","pending","pending","pending","pending","pending","pending","pending","pending","pending","pending","pending","pending","pending","pending","pending","https://td3118036.app.netsuite.com/app/setup/role.nl?id=55&ifrmcntnr=T","docs/references/netsuite/roles-list.md","399","not started"
"15","Employee Center","Standard","Employee Center","observed","pending","pending","pending","pending","pending","pending","pending","pending","pending","pending","pending","pending","pending","pending","pending","pending","pending","pending","https://td3118036.app.netsuite.com/app/setup/role.nl?id=15&ifrmcntnr=T","docs/references/netsuite/roles-list.md","410","not started"
"48","Human Resources Generalist","Standard","Accounting Center","observed","pending","pending","pending","pending","pending","pending","pending","pending","pending","pending","pending","pending","pending","pending","pending","pending","pending","pending","https://td3118036.app.netsuite.com/app/setup/role.nl?id=48&ifrmcntnr=T","docs/references/netsuite/roles-list.md","421","not started"
"22","Intranet Manager","Standard","E-Commerce Management Center","observed","pending","pending","pending","pending","pending","pending","pending","pending","pending","pending","pending","pending","pending","pending","pending","pending","pending","pending","https://td3118036.app.netsuite.com/app/setup/role.nl?id=22&ifrmcntnr=T","docs/references/netsuite/roles-list.md","432","not started"
"1891","Item360 Service Role","Custom","Classic Center","observed","pending","pending","pending","pending","pending","pending","pending","pending","pending","pending","pending","pending","pending","pending","pending","pending","pending","pending","https://td3118036.app.netsuite.com/app/setup/role.nl?id=1891&ifrmcntnr=T","docs/references/netsuite/roles-list.md","443","not started"
"2093","ITS - A/P Analyst","Custom","Accounting Center","observed","pending","pending","pending","pending","pending","pending","pending","pending","pending","pending","pending","pending","pending","pending","pending","pending","pending","pending","https://td3118036.app.netsuite.com/app/setup/role.nl?id=2093&ifrmcntnr=T","docs/references/netsuite/roles-list.md","454","not started"
"2094","ITS - A/R Analyst","Custom","Accounting Center","observed","pending","pending","pending","pending","pending","pending","pending","pending","pending","pending","pending","pending","pending","pending","pending","pending","pending","pending","https://td3118036.app.netsuite.com/app/setup/role.nl?id=2094&ifrmcntnr=T","docs/references/netsuite/roles-list.md","465","not started"
"2099","ITS - Inventory Manager","Custom","Shipping Center","observed","pending","pending","pending","pending","pending","pending","pending","pending","pending","pending","pending","pending","pending","pending","pending","pending","pending","pending","https://td3118036.app.netsuite.com/app/setup/role.nl?id=2099&ifrmcntnr=T","docs/references/netsuite/roles-list.md","476","not started"
"2210","ITS - MCP","Custom","Accounting Center","observed","pending","pending","pending","pending","pending","pending","pending","pending","pending","pending","pending","pending","pending","pending","pending","pending","pending","pending","https://td3118036.app.netsuite.com/app/setup/role.nl?id=2210&ifrmcntnr=T","docs/references/netsuite/roles-list.md","487","not started"
"28","Marketing Administrator","Standard","Marketing Center","observed","pending","pending","pending","pending","pending","pending","pending","pending","pending","pending","pending","pending","pending","pending","pending","pending","pending","pending","https://td3118036.app.netsuite.com/app/setup/role.nl?id=28&ifrmcntnr=T","docs/references/netsuite/roles-list.md","498","not started"
"24","Marketing Assistant","Standard","Marketing Center","observed","pending","pending","pending","pending","pending","pending","pending","pending","pending","pending","pending","pending","pending","pending","pending","pending","pending","pending","https://td3118036.app.netsuite.com/app/setup/role.nl?id=24&ifrmcntnr=T","docs/references/netsuite/roles-list.md","509","not started"
"23","Marketing Manager","Standard","Marketing Center","observed","pending","pending","pending","pending","pending","pending","pending","pending","pending","pending","pending","pending","pending","pending","pending","pending","pending","pending","https://td3118036.app.netsuite.com/app/setup/role.nl?id=23&ifrmcntnr=T","docs/references/netsuite/roles-list.md","520","not started"
"1791","MFG STD - A/P Analyst","Custom","Accounting Center","observed","pending","pending","pending","pending","pending","pending","pending","pending","pending","pending","pending","pending","pending","pending","pending","pending","pending","pending","https://td3118036.app.netsuite.com/app/setup/role.nl?id=1791&ifrmcntnr=T","docs/references/netsuite/roles-list.md","531","not started"
"1792","MFG STD - A/R Analyst","Custom","Accounting Center","observed","pending","pending","pending","pending","pending","pending","pending","pending","pending","pending","pending","pending","pending","pending","pending","pending","pending","pending","https://td3118036.app.netsuite.com/app/setup/role.nl?id=1792&ifrmcntnr=T","docs/references/netsuite/roles-list.md","542","not started"
"1793","MFG STD - Chief Executive Officer","Custom","Executive Center","observed","pending","pending","pending","pending","pending","pending","pending","pending","pending","pending","pending","pending","pending","pending","pending","pending","pending","pending","https://td3118036.app.netsuite.com/app/setup/role.nl?id=1793&ifrmcntnr=T","docs/references/netsuite/roles-list.md","553","not started"
"1794","MFG STD - Contract Manufacturer","Custom","Shipping Center","observed","pending","pending","pending","pending","pending","pending","pending","pending","pending","pending","pending","pending","pending","pending","pending","pending","pending","pending","https://td3118036.app.netsuite.com/app/setup/role.nl?id=1794&ifrmcntnr=T","docs/references/netsuite/roles-list.md","564","not started"
"1795","MFG STD - Controller","Custom","Accounting Center","observed","pending","pending","pending","pending","pending","pending","pending","pending","pending","pending","pending","pending","pending","pending","pending","pending","pending","pending","https://td3118036.app.netsuite.com/app/setup/role.nl?id=1795&ifrmcntnr=T","docs/references/netsuite/roles-list.md","575","not started"
"1796","MFG STD - Customer Service","Custom","Support Center","observed","pending","pending","pending","pending","pending","pending","pending","pending","pending","pending","pending","pending","pending","pending","pending","pending","pending","pending","https://td3118036.app.netsuite.com/app/setup/role.nl?id=1796&ifrmcntnr=T","docs/references/netsuite/roles-list.md","586","not started"
"1797","MFG STD - Inventory Manager","Custom","Shipping Center","observed","pending","pending","pending","pending","pending","pending","pending","pending","pending","pending","pending","pending","pending","pending","pending","pending","pending","pending","https://td3118036.app.netsuite.com/app/setup/role.nl?id=1797&ifrmcntnr=T","docs/references/netsuite/roles-list.md","597","not started"
"1798","MFG STD - Marketing Manager","Custom","Marketing Center","observed","pending","pending","pending","pending","pending","pending","pending","pending","pending","pending","pending","pending","pending","pending","pending","pending","pending","pending","https://td3118036.app.netsuite.com/app/setup/role.nl?id=1798&ifrmcntnr=T","docs/references/netsuite/roles-list.md","608","not started"
"1800","MFG STD - Production Manager","Custom","Shipping Center","observed","pending","pending","pending","pending","pending","pending","pending","pending","pending","pending","pending","pending","pending","pending","pending","pending","pending","pending","https://td3118036.app.netsuite.com/app/setup/role.nl?id=1800&ifrmcntnr=T","docs/references/netsuite/roles-list.md","619","not started"
"1799","MFG STD - Production Operator","Custom","Shipping Center","observed","pending","pending","pending","pending","pending","pending","pending","pending","pending","pending","pending","pending","pending","pending","pending","pending","pending","pending","https://td3118036.app.netsuite.com/app/setup/role.nl?id=1799&ifrmcntnr=T","docs/references/netsuite/roles-list.md","630","not started"
"1801","MFG STD - Purchasing Manager","Custom","Shipping Center","observed","pending","pending","pending","pending","pending","pending","pending","pending","pending","pending","pending","pending","pending","pending","pending","pending","pending","pending","https://td3118036.app.netsuite.com/app/setup/role.nl?id=1801&ifrmcntnr=T","docs/references/netsuite/roles-list.md","641","not started"
"1802","MFG STD - Sales","Custom","Sales Center","observed","pending","pending","pending","pending","pending","pending","pending","pending","pending","pending","pending","pending","pending","pending","pending","pending","pending","pending","https://td3118036.app.netsuite.com/app/setup/role.nl?id=1802&ifrmcntnr=T","docs/references/netsuite/roles-list.md","652","not started"
"1803","MFG STD - Sales Manager","Custom","Sales Center","observed","pending","pending","pending","pending","pending","pending","pending","pending","pending","pending","pending","pending","pending","pending","pending","pending","pending","pending","https://td3118036.app.netsuite.com/app/setup/role.nl?id=1803&ifrmcntnr=T","docs/references/netsuite/roles-list.md","663","not started"
"1804","MFG STD - Supply Chain Manager","Custom","Shipping Center","observed","pending","pending","pending","pending","pending","pending","pending","pending","pending","pending","pending","pending","pending","pending","pending","pending","pending","pending","https://td3118036.app.netsuite.com/app/setup/role.nl?id=1804&ifrmcntnr=T","docs/references/netsuite/roles-list.md","674","not started"
"1806","MFG STD - Warehouse Manager","Custom","Shipping Center","observed","pending","pending","pending","pending","pending","pending","pending","pending","pending","pending","pending","pending","pending","pending","pending","pending","pending","pending","https://td3118036.app.netsuite.com/app/setup/role.nl?id=1806&ifrmcntnr=T","docs/references/netsuite/roles-list.md","685","not started"
"1805","MFG STD - Warehouse Operator","Custom","Shipping Center","observed","pending","pending","pending","pending","pending","pending","pending","pending","pending","pending","pending","pending","pending","pending","pending","pending","pending","pending","https://td3118036.app.netsuite.com/app/setup/role.nl?id=1805&ifrmcntnr=T","docs/references/netsuite/roles-list.md","696","not started"
"21","Partner Center","Standard","Partner Center","observed","pending","pending","pending","pending","pending","pending","pending","pending","pending","pending","pending","pending","pending","pending","pending","pending","pending","pending","https://td3118036.app.netsuite.com/app/setup/role.nl?id=21&ifrmcntnr=T","docs/references/netsuite/roles-list.md","707","not started"
"1018","Production","Custom","Shipping Center","observed","pending","pending","pending","pending","pending","pending","pending","pending","pending","pending","pending","pending","pending","pending","pending","pending","pending","pending","https://td3118036.app.netsuite.com/app/setup/role.nl?id=1018&ifrmcntnr=T","docs/references/netsuite/roles-list.md","718","not started"
"1020","Purchasing Manager","Custom","Shipping Center","observed","pending","pending","pending","pending","pending","pending","pending","pending","pending","pending","pending","pending","pending","pending","pending","pending","pending","pending","https://td3118036.app.netsuite.com/app/setup/role.nl?id=1020&ifrmcntnr=T","docs/references/netsuite/roles-list.md","729","not started"
"42","Retail Clerk","Standard","Accounting Center","observed","pending","pending","pending","pending","pending","pending","pending","pending","pending","pending","pending","pending","pending","pending","pending","pending","pending","pending","https://td3118036.app.netsuite.com/app/setup/role.nl?id=42&ifrmcntnr=T","docs/references/netsuite/roles-list.md","740","not started"
"43","Retail Clerk (Web Services Only)","Standard","Accounting Center","observed","pending","pending","pending","pending","pending","pending","pending","pending","pending","pending","pending","pending","pending","pending","pending","pending","pending","pending","https://td3118036.app.netsuite.com/app/setup/role.nl?id=43&ifrmcntnr=T","docs/references/netsuite/roles-list.md","749","not started"
"26","Sales Administrator","Standard","Sales Center","observed","pending","pending","pending","pending","pending","pending","pending","pending","pending","pending","pending","pending","pending","pending","pending","pending","pending","pending","https://td3118036.app.netsuite.com/app/setup/role.nl?id=26&ifrmcntnr=T","docs/references/netsuite/roles-list.md","758","not started"
"9","Sales Manager","Standard","Sales Center","observed","pending","pending","pending","pending","pending","pending","pending","pending","pending","pending","pending","pending","pending","pending","pending","pending","pending","pending","https://td3118036.app.netsuite.com/app/setup/role.nl?id=9&ifrmcntnr=T","docs/references/netsuite/roles-list.md","769","not started"
"1022","Sales Manager","Custom","Sales Center","observed","pending","pending","pending","pending","pending","pending","pending","pending","pending","pending","pending","pending","pending","pending","pending","pending","pending","pending","https://td3118036.app.netsuite.com/app/setup/role.nl?id=1022&ifrmcntnr=T","docs/references/netsuite/roles-list.md","780","not started"
"10","Sales Person","Standard","Sales Center","observed","pending","pending","pending","pending","pending","pending","pending","pending","pending","pending","pending","pending","pending","pending","pending","pending","pending","pending","https://td3118036.app.netsuite.com/app/setup/role.nl?id=10&ifrmcntnr=T","docs/references/netsuite/roles-list.md","791","not started"
"44","Sales Vice President","Standard","Sales Center","observed","pending","pending","pending","pending","pending","pending","pending","pending","pending","pending","pending","pending","pending","pending","pending","pending","pending","pending","https://td3118036.app.netsuite.com/app/setup/role.nl?id=44&ifrmcntnr=T","docs/references/netsuite/roles-list.md","802","not started"
"1019","Senior Executive","Custom","Executive Center","observed","pending","pending","pending","pending","pending","pending","pending","pending","pending","pending","pending","pending","pending","pending","pending","pending","pending","pending","https://td3118036.app.netsuite.com/app/setup/role.nl?id=1019&ifrmcntnr=T","docs/references/netsuite/roles-list.md","813","not started"
"2095","SS MFG STD - Chief Executive Officer","Custom","Executive Center","observed","pending","pending","pending","pending","pending","pending","pending","pending","pending","pending","pending","pending","pending","pending","pending","pending","pending","pending","https://td3118036.app.netsuite.com/app/setup/role.nl?id=2095&ifrmcntnr=T","docs/references/netsuite/roles-list.md","824","not started"
"2096","SS MFG STD - Contract Manufacturer","Custom","Shipping Center","observed","pending","pending","pending","pending","pending","pending","pending","pending","pending","pending","pending","pending","pending","pending","pending","pending","pending","pending","https://td3118036.app.netsuite.com/app/setup/role.nl?id=2096&ifrmcntnr=T","docs/references/netsuite/roles-list.md","835","not started"
"2097","SS MFG STD - Controller","Custom","Accounting Center","observed","pending","pending","pending","pending","pending","pending","pending","pending","pending","pending","pending","pending","pending","pending","pending","pending","pending","pending","https://td3118036.app.netsuite.com/app/setup/role.nl?id=2097&ifrmcntnr=T","docs/references/netsuite/roles-list.md","846","not started"
"2098","SS MFG STD - Customer Service","Custom","Support Center","observed","pending","pending","pending","pending","pending","pending","pending","pending","pending","pending","pending","pending","pending","pending","pending","pending","pending","pending","https://td3118036.app.netsuite.com/app/setup/role.nl?id=2098&ifrmcntnr=T","docs/references/netsuite/roles-list.md","857","not started"
"2100","SS MFG STD - Marketing Manager","Custom","Marketing Center","observed","pending","pending","pending","pending","pending","pending","pending","pending","pending","pending","pending","pending","pending","pending","pending","pending","pending","pending","https://td3118036.app.netsuite.com/app/setup/role.nl?id=2100&ifrmcntnr=T","docs/references/netsuite/roles-list.md","868","not started"
"2101","SS MFG STD - Production Manager","Custom","Shipping Center","observed","pending","pending","pending","pending","pending","pending","pending","pending","pending","pending","pending","pending","pending","pending","pending","pending","pending","pending","https://td3118036.app.netsuite.com/app/setup/role.nl?id=2101&ifrmcntnr=T","docs/references/netsuite/roles-list.md","879","not started"
"2102","SS MFG STD - Production Operator","Custom","Shipping Center","observed","pending","pending","pending","pending","pending","pending","pending","pending","pending","pending","pending","pending","pending","pending","pending","pending","pending","pending","https://td3118036.app.netsuite.com/app/setup/role.nl?id=2102&ifrmcntnr=T","docs/references/netsuite/roles-list.md","890","not started"
"2103","SS MFG STD - Purchasing Manager","Custom","Shipping Center","observed","pending","pending","pending","pending","pending","pending","pending","pending","pending","pending","pending","pending","pending","pending","pending","pending","pending","pending","https://td3118036.app.netsuite.com/app/setup/role.nl?id=2103&ifrmcntnr=T","docs/references/netsuite/roles-list.md","901","not started"
"2104","SS MFG STD - Sales","Custom","Sales Center","observed","pending","pending","pending","pending","pending","pending","pending","pending","pending","pending","pending","pending","pending","pending","pending","pending","pending","pending","https://td3118036.app.netsuite.com/app/setup/role.nl?id=2104&ifrmcntnr=T","docs/references/netsuite/roles-list.md","912","not started"
"2105","SS MFG STD - Sales Manager","Custom","Sales Center","observed","pending","pending","pending","pending","pending","pending","pending","pending","pending","pending","pending","pending","pending","pending","pending","pending","pending","pending","https://td3118036.app.netsuite.com/app/setup/role.nl?id=2105&ifrmcntnr=T","docs/references/netsuite/roles-list.md","923","not started"
"2106","SS MFG STD - Supply Chain Manager","Custom","Shipping Center","observed","pending","pending","pending","pending","pending","pending","pending","pending","pending","pending","pending","pending","pending","pending","pending","pending","pending","pending","https://td3118036.app.netsuite.com/app/setup/role.nl?id=2106&ifrmcntnr=T","docs/references/netsuite/roles-list.md","934","not started"
"2107","SS MFG STD - Warehouse Manager","Custom","Shipping Center","observed","pending","pending","pending","pending","pending","pending","pending","pending","pending","pending","pending","pending","pending","pending","pending","pending","pending","pending","https://td3118036.app.netsuite.com/app/setup/role.nl?id=2107&ifrmcntnr=T","docs/references/netsuite/roles-list.md","945","not started"
"2108","SS MFG STD - Warehouse Operator","Custom","Shipping Center","observed","pending","pending","pending","pending","pending","pending","pending","pending","pending","pending","pending","pending","pending","pending","pending","pending","pending","pending","https://td3118036.app.netsuite.com/app/setup/role.nl?id=2108&ifrmcntnr=T","docs/references/netsuite/roles-list.md","956","not started"
"1370","SuiteSuccess - Integration","Custom","Classic Center","observed","pending","pending","pending","pending","pending","pending","pending","pending","pending","pending","pending","pending","pending","pending","pending","pending","pending","pending","https://td3118036.app.netsuite.com/app/setup/role.nl?id=1370&ifrmcntnr=T","docs/references/netsuite/roles-list.md","967","not started"
"1017","Supply Chain Manager","Custom","Shipping Center","observed","pending","pending","pending","pending","pending","pending","pending","pending","pending","pending","pending","pending","pending","pending","pending","pending","pending","pending","https://td3118036.app.netsuite.com/app/setup/role.nl?id=1017&ifrmcntnr=T","docs/references/netsuite/roles-list.md","978","not started"
"27","Support Administrator","Standard","Support Center","observed","pending","pending","pending","pending","pending","pending","pending","pending","pending","pending","pending","pending","pending","pending","pending","pending","pending","pending","https://td3118036.app.netsuite.com/app/setup/role.nl?id=27&ifrmcntnr=T","docs/references/netsuite/roles-list.md","989","not started"
"12","Support Manager","Standard","Support Center","observed","pending","pending","pending","pending","pending","pending","pending","pending","pending","pending","pending","pending","pending","pending","pending","pending","pending","pending","https://td3118036.app.netsuite.com/app/setup/role.nl?id=12&ifrmcntnr=T","docs/references/netsuite/roles-list.md","1000","not started"
"13","Support Person","Standard","Support Center","observed","pending","pending","pending","pending","pending","pending","pending","pending","pending","pending","pending","pending","pending","pending","pending","pending","pending","pending","https://td3118036.app.netsuite.com/app/setup/role.nl?id=13&ifrmcntnr=T","docs/references/netsuite/roles-list.md","1011","not started"
"25","System Administrator","Standard","System Administrator Center","observed","pending","pending","pending","pending","pending","pending","pending","pending","pending","pending","pending","pending","pending","pending","pending","pending","pending","pending","https://td3118036.app.netsuite.com/app/setup/role.nl?id=25&ifrmcntnr=T","docs/references/netsuite/roles-list.md","1022","not started"
"53","Tax Engine","Standard","Accounting Center","observed","pending","pending","pending","pending","pending","pending","pending","pending","pending","pending","pending","pending","pending","pending","pending","pending","pending","pending","https://td3118036.app.netsuite.com/app/setup/role.nl?id=53&ifrmcntnr=T","docs/references/netsuite/roles-list.md","1033","not started"
"16","Vendor Center","Standard","Vendor Center","observed","pending","pending","pending","pending","pending","pending","pending","pending","pending","pending","pending","pending","pending","pending","pending","pending","pending","pending","https://td3118036.app.netsuite.com/app/setup/role.nl?id=16&ifrmcntnr=T","docs/references/netsuite/roles-list.md","1044","not started"
"19","Warehouse Manager","Standard","Shipping Center","observed","pending","pending","pending","pending","pending","pending","pending","pending","pending","pending","pending","pending","pending","pending","pending","pending","pending","pending","https://td3118036.app.netsuite.com/app/setup/role.nl?id=19&ifrmcntnr=T","docs/references/netsuite/roles-list.md","1055","not started"
